{"machine": {
  "muxInputs": [
    {
      "input": [
        {
          "type": "constant",
          "value": "0"
        },
        {
          "type": "constant",
          "value": "1"
        },
        {
          "type": "register",
          "value": "ACCU"
        },
        {
          "type": "register",
          "value": "Bitmask"
        },
        {
          "type": "register",
          "value": "Bitmuster"
        },
        {
          "type": "register",
          "value": "Bitmask2"
        },
        {
          "type": "register",
          "value": "MaxData"
        },
        {
          "type": "constant",
          "value": "16"
        },
        {
          "type": "constant",
          "value": "15"
        },
        {
          "type": "constant",
          "value": "14"
        },
        {
          "type": "constant",
          "value": "65535"
        },
        {
          "type": "constant",
          "value": "280"
        },
        {
          "type": "register",
          "value": "Kanal"
        },
        {
          "type": "constant",
          "value": "32"
        },
        {
          "type": "register",
          "value": "MDR"
        },
        {
          "type": "register",
          "value": "CNT2"
        },
        {
          "type": "register",
          "value": "OffsetData"
        },
        {
          "type": "register",
          "value": "OffsetKanal"
        }
      ],
      "muxType": "A"
    },
    {
      "input": [
        {
          "type": "register",
          "value": "MDR"
        },
        {
          "type": "register",
          "value": "PC"
        },
        {
          "type": "register",
          "value": "IR"
        },
        {
          "type": "register",
          "value": "ACCU"
        },
        {
          "type": "register",
          "value": "Tmp"
        },
        {
          "type": "register",
          "value": "CNT"
        },
        {
          "type": "register",
          "value": "CNT2"
        },
        {
          "type": "register",
          "value": "Kanal"
        },
        {
          "type": "register",
          "value": "MaxData"
        },
        {
          "type": "register",
          "value": "OffsetKanal"
        },
        {
          "type": "register",
          "value": "OffsetData"
        },
        {
          "type": "constant",
          "value": "32"
        },
        {
          "type": "constant",
          "value": "16"
        },
        {
          "type": "register",
          "value": "Dec"
        },
        {
          "type": "register",
          "value": "flag"
        }
      ],
      "muxType": "B"
    }
  ],
  "registers": {"register": [
    {
      "size": "BITS_32",
      "name": "Bitmask",
      "description": ""
    },
    {
      "size": "BITS_32",
      "name": "Bitmuster",
      "description": ""
    },
    {
      "size": "BITS_32",
      "name": "Tmp",
      "description": ""
    },
    {
      "size": "BITS_32",
      "name": "CNT",
      "description": ""
    },
    {
      "size": "BITS_32",
      "name": "Bitmask2",
      "description": ""
    },
    {
      "size": "BITS_32",
      "name": "CNT2",
      "description": ""
    },
    {
      "size": "BITS_32",
      "name": "Kanal",
      "description": ""
    },
    {
      "size": "BITS_32",
      "name": "MaxData",
      "description": ""
    },
    {
      "size": "BITS_32",
      "name": "OffsetKanal",
      "description": ""
    },
    {
      "size": "BITS_32",
      "name": "OffsetData",
      "description": ""
    },
    {
      "size": "BITS_32",
      "name": "Dec",
      "description": ""
    },
    {
      "size": "BITS_32",
      "name": "flag",
      "description": ""
    }
  ]},
  "alu": {"operation": [
    "A_ADD_B",
    "B_SUB_A",
    "TRANS_A",
    "TRANS_B",
    "A_AND_B",
    "B_SR",
    "A_INV"
  ]}
}}